epoch,loss,accuracy
1,0.664196,0.589040
2,0.616450,0.656640
3,0.469584,0.781000
4,0.367587,0.842960
