epoch,loss,accuracy
1,0.653357,0.607880
2,0.653483,0.620240
3,0.591365,0.687280
4,0.518111,0.760280
