epoch,loss,accuracy
1,0.692649,0.539600
2,0.669235,0.590600
3,0.641227,0.635880
4,0.637115,0.635280
